field_name-japanese,field_name-short-code,field_name-jpgis-gml,field_name-camelCase,field_name-snake_case,field_type,field_width,field_precision,ogr-vrt-field-def-short-code-to-snake_case
標準地番号：行政区域コード,L01_001,representedLandCode/administrativeAreaCode,representedLandCodeAdministrativeAreaCode,represented_land_code_administrative_area_code,String,5,0,"<Field name=""represented_land_code_administrative_area_code"" src=""L01_001"" type=""String"" width=""5"" precision=""0"" comment=""標準地番号：行政区域コード"" alternativeName=""標準地番号：行政区域コード"" />"
標準地番号：用途区分,L01_002,representedLandCode/indexNumber,representedLandCodeIndexNumber,represented_land_code_index_number,String,3,0,"<Field name=""represented_land_code_index_number"" src=""L01_002"" type=""String"" width=""3"" precision=""0"" comment=""標準地番号：用途区分"" alternativeName=""標準地番号：用途区分"" />"
標準地番号：連番,L01_003,representedLandCode/sequenceNumber,representedLandCodeSequenceNumber,represented_land_code_sequence_number,String,3,0,"<Field name=""represented_land_code_sequence_number"" src=""L01_003"" type=""String"" width=""3"" precision=""0"" comment=""標準地番号：連番"" alternativeName=""標準地番号：連番"" />"
前年度標準地番号：行政区域コード,L01_004,previousRepresentedLandCode/administrativeAreaCode,previousRepresentedLandCodeAdministrativeAreaCode,previous_represented_land_code_administrative_area_code,String,5,0,"<Field name=""previous_represented_land_code_administrative_area_code"" src=""L01_004"" type=""String"" width=""5"" precision=""0"" comment=""前年度標準地番号：行政区域コード"" alternativeName=""前年度標準地番号：行政区域コード"" />"
前年度標準地番号：用途区分,L01_005,previousRepresentedLandCode/indexNumber,previousRepresentedLandCodeIndexNumber,previous_represented_land_code_index_number,String,3,0,"<Field name=""previous_represented_land_code_index_number"" src=""L01_005"" type=""String"" width=""3"" precision=""0"" comment=""前年度標準地番号：用途区分"" alternativeName=""前年度標準地番号：用途区分"" />"
前年度標準地番号：連番,L01_006,previousRepresentedLandCode/sequenceNumber,previousRepresentedLandCodeSequenceNumber,previous_represented_land_code_sequence_number,String,3,0,"<Field name=""previous_represented_land_code_sequence_number"" src=""L01_006"" type=""String"" width=""3"" precision=""0"" comment=""前年度標準地番号：連番"" alternativeName=""前年度標準地番号：連番"" />"
年度,L01_007,year,year,year,Integer,4,0,"<Field name=""year"" src=""L01_007"" type=""Integer"" width=""4"" precision=""0"" comment=""年度"" alternativeName=""年度"" />"
地価公示価格,L01_008,postedLandPrice,postedLandPrice,posted_land_price,Integer,9,0,"<Field name=""posted_land_price"" src=""L01_008"" type=""Integer"" width=""9"" precision=""0"" comment=""地価公示価格"" alternativeName=""地価公示価格"" />"
対前年変動率,L01_009,volatilityOverThePreviousYear,volatilityOverThePreviousYear,volatility_over_the_previous_year,Real,5,1,"<Field name=""volatility_over_the_previous_year"" src=""L01_009"" type=""Real"" width=""5"" precision=""1"" comment=""対前年変動率"" alternativeName=""対前年変動率"" />"
属性移動：選定状況,L01_010,attributeChange/selectedLandStatus,attributeChangeSelectedLandStatus,attribute_change_selected_land_status,Integer,1,0,"<Field name=""attribute_change_selected_land_status"" src=""L01_010"" type=""Integer"" width=""1"" precision=""0"" comment=""属性移動：選定状況"" alternativeName=""属性移動：選定状況"" />"
属性移動：所在並びに地番・住居表示,L01_011,attributeChange/address,attributeChangeAddress,attribute_change_address,String,5,0,"<Field name=""attribute_change_address"" src=""L01_011"" type=""String"" width=""5"" precision=""0"" comment=""属性移動：所在並びに地番・住居表示"" alternativeName=""属性移動：所在並びに地番・住居表示"" />"
属性移動：地積,L01_012,attributeChange/acreage,attributeChangeAcreage,attribute_change_acreage,String,5,0,"<Field name=""attribute_change_acreage"" src=""L01_012"" type=""String"" width=""5"" precision=""0"" comment=""属性移動：地積"" alternativeName=""属性移動：地積"" />"
属性移動：利用の現況,L01_013,attributeChange/currentUse,attributeChangeCurrentUse,attribute_change_current_use,String,5,0,"<Field name=""attribute_change_current_use"" src=""L01_013"" type=""String"" width=""5"" precision=""0"" comment=""属性移動：利用の現況"" alternativeName=""属性移動：利用の現況"" />"
属性移動：建物構造,L01_014,attributeChange/buildingStructure,attributeChangeBuildingStructure,attribute_change_building_structure,String,5,0,"<Field name=""attribute_change_building_structure"" src=""L01_014"" type=""String"" width=""5"" precision=""0"" comment=""属性移動：建物構造"" alternativeName=""属性移動：建物構造"" />"
属性移動：供給施設,L01_015,attributeChange/suppliedFacility,attributeChangeSuppliedFacility,attribute_change_supplied_facility,String,5,0,"<Field name=""attribute_change_supplied_facility"" src=""L01_015"" type=""String"" width=""5"" precision=""0"" comment=""属性移動：供給施設"" alternativeName=""属性移動：供給施設"" />"
属性移動：最寄り駅迄の道路距離,L01_016,attributeChange/distanceFromStation,attributeChangeDistanceFromStation,attribute_change_distance_from_station,String,5,0,"<Field name=""attribute_change_distance_from_station"" src=""L01_016"" type=""String"" width=""5"" precision=""0"" comment=""属性移動：最寄り駅迄の道路距離"" alternativeName=""属性移動：最寄り駅迄の道路距離"" />"
属性移動：都市計画の用途区分,L01_017,attributeChange/useDistrict,attributeChangeUseDistrict,attribute_change_use_district,String,5,0,"<Field name=""attribute_change_use_district"" src=""L01_017"" type=""String"" width=""5"" precision=""0"" comment=""属性移動：都市計画の用途区分"" alternativeName=""属性移動：都市計画の用途区分"" />"
属性移動：防火地域,L01_018,attributeChange/fireArea,attributeChangeFireArea,attribute_change_fire_area,String,5,0,"<Field name=""attribute_change_fire_area"" src=""L01_018"" type=""String"" width=""5"" precision=""0"" comment=""属性移動：防火地域"" alternativeName=""属性移動：防火地域"" />"
属性移動：都市計画区分,L01_019,attributeChange/urbanPlanningArea,attributeChangeUrbanPlanningArea,attribute_change_urban_planning_area,String,5,0,"<Field name=""attribute_change_urban_planning_area"" src=""L01_019"" type=""String"" width=""5"" precision=""0"" comment=""属性移動：都市計画区分"" alternativeName=""属性移動：都市計画区分"" />"
属性移動：森林法,L01_020,attributeChange/forestLaw,attributeChangeForestLaw,attribute_change_forest_law,String,5,0,"<Field name=""attribute_change_forest_law"" src=""L01_020"" type=""String"" width=""5"" precision=""0"" comment=""属性移動：森林法"" alternativeName=""属性移動：森林法"" />"
属性移動：自然公園法,L01_021,attributeChange/parksLaw,attributeChangeParksLaw,attribute_change_parks_law,String,5,0,"<Field name=""attribute_change_parks_law"" src=""L01_021"" type=""String"" width=""5"" precision=""0"" comment=""属性移動：自然公園法"" alternativeName=""属性移動：自然公園法"" />"
属性移動：建蔽率,L01_022,attributeChange/buildingCoverage,attributeChangeBuildingCoverage,attribute_change_building_coverage,String,5,0,"<Field name=""attribute_change_building_coverage"" src=""L01_022"" type=""String"" width=""5"" precision=""0"" comment=""属性移動：建蔽率"" alternativeName=""属性移動：建蔽率"" />"
属性移動：容積率,L01_023,attributeChange/floorAreaRatio,attributeChangeFloorAreaRatio,attribute_change_floor_area_ratio,String,5,0,"<Field name=""attribute_change_floor_area_ratio"" src=""L01_023"" type=""String"" width=""5"" precision=""0"" comment=""属性移動：容積率"" alternativeName=""属性移動：容積率"" />"
標準地の所在：標準地名,L01_024,cityName,cityName,city_name,String,20,0,"<Field name=""city_name"" src=""L01_024"" type=""String"" width=""20"" precision=""0"" comment=""標準地の所在：標準地名"" alternativeName=""標準地の所在：標準地名"" />"
標準地の所在：所在並びに地番,L01_025,location,location,location,String,110,0,"<Field name=""location"" src=""L01_025"" type=""String"" width=""110"" precision=""0"" comment=""標準地の所在：所在並びに地番"" alternativeName=""標準地の所在：所在並びに地番"" />"
標準地の所在：住居表示,L01_026,address,address,address,String,64,0,"<Field name=""address"" src=""L01_026"" type=""String"" width=""64"" precision=""0"" comment=""標準地の所在：住居表示"" alternativeName=""標準地の所在：住居表示"" />"
地積,L01_027,acreage,acreage,acreage,Integer,7,0,"<Field name=""acreage"" src=""L01_027"" type=""Integer"" width=""7"" precision=""0"" comment=""地積"" alternativeName=""地積"" />"
利用現況：大分類,L01_028,currentUse,currentUse,current_use,String,40,0,"<Field name=""current_use"" src=""L01_028"" type=""String"" width=""40"" precision=""0"" comment=""利用現況：大分類"" alternativeName=""利用現況：大分類"" />"
利用現況：詳細,L01_029,usageDescription,usageDescription,usage_description,String,40,0,"<Field name=""usage_description"" src=""L01_029"" type=""String"" width=""40"" precision=""0"" comment=""利用現況：詳細"" alternativeName=""利用現況：詳細"" />"
利用区分,L01_030,usageClassification,usageClassification,usage_classification,String,3,0,"<Field name=""usage_classification"" src=""L01_030"" type=""String"" width=""3"" precision=""0"" comment=""利用区分"" alternativeName=""利用区分"" />"
建物構造,L01_031,buildingStructure,buildingStructure,building_structure,String,6,0,"<Field name=""building_structure"" src=""L01_031"" type=""String"" width=""6"" precision=""0"" comment=""建物構造"" alternativeName=""建物構造"" />"
給排水等状況：ガス,L01_032,gasFacility,gasFacility,gas_facility,String,5,0,"<Field name=""gas_facility"" src=""L01_032"" type=""String"" width=""5"" precision=""0"" comment=""給排水等状況：ガス"" alternativeName=""給排水等状況：ガス"" />"
給排水等状況：水道,L01_033,waterFacility,waterFacility,water_facility,String,5,0,"<Field name=""water_facility"" src=""L01_033"" type=""String"" width=""5"" precision=""0"" comment=""給排水等状況：水道"" alternativeName=""給排水等状況：水道"" />"
給排水等状況：下水道,L01_034,sewageFacility,sewageFacility,sewage_facility,String,5,0,"<Field name=""sewage_facility"" src=""L01_034"" type=""String"" width=""5"" precision=""0"" comment=""給排水等状況：下水道"" alternativeName=""給排水等状況：下水道"" />"
土地の形状：形状,L01_035,configuration,configuration,configuration,String,6,0,"<Field name=""configuration"" src=""L01_035"" type=""String"" width=""6"" precision=""0"" comment=""土地の形状：形状"" alternativeName=""土地の形状：形状"" />"
土地の形状：間口比率,L01_036,frontageRatio,frontageRatio,frontage_ratio,Real,4,1,"<Field name=""frontage_ratio"" src=""L01_036"" type=""Real"" width=""4"" precision=""1"" comment=""土地の形状：間口比率"" alternativeName=""土地の形状：間口比率"" />"
土地の形状：奥行比率,L01_037,depthRatio,depthRatio,depth_ratio,Real,4,1,"<Field name=""depth_ratio"" src=""L01_037"" type=""Real"" width=""4"" precision=""1"" comment=""土地の形状：奥行比率"" alternativeName=""土地の形状：奥行比率"" />"
建物の階層：地上階層,L01_038,numberOfFloors,numberOfFloors,number_of_floors,Integer,3,0,"<Field name=""number_of_floors"" src=""L01_038"" type=""Integer"" width=""3"" precision=""0"" comment=""建物の階層：地上階層"" alternativeName=""建物の階層：地上階層"" />"
建物の階層：地下階層,L01_039,numberOfBasementFloors,numberOfBasementFloors,number_of_basement_floors,Integer,2,0,"<Field name=""number_of_basement_floors"" src=""L01_039"" type=""Integer"" width=""2"" precision=""0"" comment=""建物の階層：地下階層"" alternativeName=""建物の階層：地下階層"" />"
前面道路の状況：道路区分,L01_040,frontalRoad,frontalRoad,frontal_road,String,8,0,"<Field name=""frontal_road"" src=""L01_040"" type=""String"" width=""8"" precision=""0"" comment=""前面道路の状況：道路区分"" alternativeName=""前面道路の状況：道路区分"" />"
前面道路の状況：方位,L01_041,directionOfFrontalRoad,directionOfFrontalRoad,direction_of_frontal_road,String,4,0,"<Field name=""direction_of_frontal_road"" src=""L01_041"" type=""String"" width=""4"" precision=""0"" comment=""前面道路の状況：方位"" alternativeName=""前面道路の状況：方位"" />"
前面道路の状況：幅員,L01_042,widthOfFrontalRoad,widthOfFrontalRoad,width_of_frontal_road,Real,5,1,"<Field name=""width_of_frontal_road"" src=""L01_042"" type=""Real"" width=""5"" precision=""1"" comment=""前面道路の状況：幅員"" alternativeName=""前面道路の状況：幅員"" />"
前面道路の状況：駅前状況,L01_043,stationSquareOfFrontalRoad,stationSquareOfFrontalRoad,station_square_of_frontal_road,String,8,0,"<Field name=""station_square_of_frontal_road"" src=""L01_043"" type=""String"" width=""8"" precision=""0"" comment=""前面道路の状況：駅前状況"" alternativeName=""前面道路の状況：駅前状況"" />"
前面道路の状況：舗装状況,L01_044,pavementOfFrontalRoad,pavementOfFrontalRoad,pavement_of_frontal_road,String,6,0,"<Field name=""pavement_of_frontal_road"" src=""L01_044"" type=""String"" width=""6"" precision=""0"" comment=""前面道路の状況：舗装状況"" alternativeName=""前面道路の状況：舗装状況"" />"
側道状況：接面道路状況,L01_045,sideRoad,sideRoad,side_road,String,6,0,"<Field name=""side_road"" src=""L01_045"" type=""String"" width=""6"" precision=""0"" comment=""側道状況：接面道路状況"" alternativeName=""側道状況：接面道路状況"" />"
側道状況：側道の方位,L01_046,directionOfSideRoad,directionOfSideRoad,direction_of_side_road,String,4,0,"<Field name=""direction_of_side_road"" src=""L01_046"" type=""String"" width=""4"" precision=""0"" comment=""側道状況：側道の方位"" alternativeName=""側道状況：側道の方位"" />"
周辺の土地利用の状況,L01_047,surroundingPresentUsage,surroundingPresentUsage,surrounding_present_usage,String,80,0,"<Field name=""surrounding_present_usage"" src=""L01_047"" type=""String"" width=""80"" precision=""0"" comment=""周辺の土地利用の状況"" alternativeName=""周辺の土地利用の状況"" />"
交通施設、距離：最寄り駅名,L01_048,nameOfNearestStation,nameOfNearestStation,name_of_nearest_station,String,40,0,"<Field name=""name_of_nearest_station"" src=""L01_048"" type=""String"" width=""40"" precision=""0"" comment=""交通施設、距離：最寄り駅名"" alternativeName=""交通施設、距離：最寄り駅名"" />"
交通施設、距離：交通施設との近接状況,L01_049,proximityWithTransportationFacility,proximityWithTransportationFacility,proximity_with_transportation_facility,String,12,0,"<Field name=""proximity_with_transportation_facility"" src=""L01_049"" type=""String"" width=""12"" precision=""0"" comment=""交通施設、距離：交通施設との近接状況"" alternativeName=""交通施設、距離：交通施設との近接状況"" />"
交通施設、距離：最寄り駅迄の道路距離,L01_050,distanceFromStation,distanceFromStation,distance_from_station,Integer,6,0,"<Field name=""distance_from_station"" src=""L01_050"" type=""Integer"" width=""6"" precision=""0"" comment=""交通施設、距離：最寄り駅迄の道路距離"" alternativeName=""交通施設、距離：最寄り駅迄の道路距離"" />"
法規制等：都市計画の用途地域,L01_051,useDistrict,useDistrict,use_district,String,6,0,"<Field name=""use_district"" src=""L01_051"" type=""String"" width=""6"" precision=""0"" comment=""法規制等：都市計画の用途地域"" alternativeName=""法規制等：都市計画の用途地域"" />"
法規制等：防火地域,L01_052,fireArea,fireArea,fire_area,String,4,0,"<Field name=""fire_area"" src=""L01_052"" type=""String"" width=""4"" precision=""0"" comment=""法規制等：防火地域"" alternativeName=""法規制等：防火地域"" />"
法規制等：都市計画区分,L01_053,urbanPlanningArea,urbanPlanningArea,urban_planning_area,String,6,0,"<Field name=""urban_planning_area"" src=""L01_053"" type=""String"" width=""6"" precision=""0"" comment=""法規制等：都市計画区分"" alternativeName=""法規制等：都市計画区分"" />"
法規制等：高度地区,L01_054,altitudeDistrict,altitudeDistrict,altitude_district,String,5,0,"<Field name=""altitude_district"" src=""L01_054"" type=""String"" width=""5"" precision=""0"" comment=""法規制等：高度地区"" alternativeName=""法規制等：高度地区"" />"
法規制等：森林法,L01_055,forestLaw,forestLaw,forest_law,String,6,0,"<Field name=""forest_law"" src=""L01_055"" type=""String"" width=""6"" precision=""0"" comment=""法規制等：森林法"" alternativeName=""法規制等：森林法"" />"
法規制等：自然公園法,L01_056,parksLaw,parksLaw,parks_law,String,14,0,"<Field name=""parks_law"" src=""L01_056"" type=""String"" width=""14"" precision=""0"" comment=""法規制等：自然公園法"" alternativeName=""法規制等：自然公園法"" />"
法規制等：建蔽率,L01_057,buildingCoverage,buildingCoverage,building_coverage,Integer,3,0,"<Field name=""building_coverage"" src=""L01_057"" type=""Integer"" width=""3"" precision=""0"" comment=""法規制等：建蔽率"" alternativeName=""法規制等：建蔽率"" />"
法規制等：容積率,L01_058,floorAreaRatio,floorAreaRatio,floor_area_ratio,Integer,4,0,"<Field name=""floor_area_ratio"" src=""L01_058"" type=""Integer"" width=""4"" precision=""0"" comment=""法規制等：容積率"" alternativeName=""法規制等：容積率"" />"
法規制等：割増容積率,L01_059,extraFloorAreaRatio,extraFloorAreaRatio,extra_floor_area_ratio,String,5,0,"<Field name=""extra_floor_area_ratio"" src=""L01_059"" type=""String"" width=""5"" precision=""0"" comment=""法規制等：割増容積率"" alternativeName=""法規制等：割増容積率"" />"
共通地点,L01_060,commonSurveyedPosition,commonSurveyedPosition,common_surveyed_position,String,5,0,"<Field name=""common_surveyed_position"" src=""L01_060"" type=""String"" width=""5"" precision=""0"" comment=""共通地点"" alternativeName=""共通地点"" />"
選定年次フラグ,L01_061,selectedYear,selectedYear,selected_year,String,42,0,"<Field name=""selected_year"" src=""L01_061"" type=""String"" width=""42"" precision=""0"" comment=""選定年次フラグ"" alternativeName=""選定年次フラグ"" />"
昭和58年公示価格,L01_062,surveyedPriceOfS58,surveyedPriceOfS58,surveyed_price_of_s58,Integer,9,0,"<Field name=""surveyed_price_of_s58"" src=""L01_062"" type=""Integer"" width=""9"" precision=""0"" comment=""昭和58年公示価格"" alternativeName=""昭和58年公示価格"" />"
昭和59年公示価格,L01_063,surveyedPriceOfS59,surveyedPriceOfS59,surveyed_price_of_s59,Integer,9,0,"<Field name=""surveyed_price_of_s59"" src=""L01_063"" type=""Integer"" width=""9"" precision=""0"" comment=""昭和59年公示価格"" alternativeName=""昭和59年公示価格"" />"
昭和60年公示価格,L01_064,surveyedPriceOfS60,surveyedPriceOfS60,surveyed_price_of_s60,Integer,9,0,"<Field name=""surveyed_price_of_s60"" src=""L01_064"" type=""Integer"" width=""9"" precision=""0"" comment=""昭和60年公示価格"" alternativeName=""昭和60年公示価格"" />"
昭和61年公示価格,L01_065,surveyedPriceOfS61,surveyedPriceOfS61,surveyed_price_of_s61,Integer,9,0,"<Field name=""surveyed_price_of_s61"" src=""L01_065"" type=""Integer"" width=""9"" precision=""0"" comment=""昭和61年公示価格"" alternativeName=""昭和61年公示価格"" />"
昭和62年公示価格,L01_066,surveyedPriceOfS62,surveyedPriceOfS62,surveyed_price_of_s62,Integer,9,0,"<Field name=""surveyed_price_of_s62"" src=""L01_066"" type=""Integer"" width=""9"" precision=""0"" comment=""昭和62年公示価格"" alternativeName=""昭和62年公示価格"" />"
昭和63年公示価格,L01_067,surveyedPriceOfS63,surveyedPriceOfS63,surveyed_price_of_s63,Integer,9,0,"<Field name=""surveyed_price_of_s63"" src=""L01_067"" type=""Integer"" width=""9"" precision=""0"" comment=""昭和63年公示価格"" alternativeName=""昭和63年公示価格"" />"
昭和64年公示価格,L01_068,surveyedPriceOfH01,surveyedPriceOfH01,surveyed_price_of_h01,Integer,9,0,"<Field name=""surveyed_price_of_h01"" src=""L01_068"" type=""Integer"" width=""9"" precision=""0"" comment=""昭和64年公示価格"" alternativeName=""昭和64年公示価格"" />"
平成2年公示価格,L01_069,surveyedPriceOfH02,surveyedPriceOfH02,surveyed_price_of_h02,Integer,9,0,"<Field name=""surveyed_price_of_h02"" src=""L01_069"" type=""Integer"" width=""9"" precision=""0"" comment=""平成2年公示価格"" alternativeName=""平成2年公示価格"" />"
平成3年公示価格,L01_070,surveyedPriceOfH03,surveyedPriceOfH03,surveyed_price_of_h03,Integer,9,0,"<Field name=""surveyed_price_of_h03"" src=""L01_070"" type=""Integer"" width=""9"" precision=""0"" comment=""平成3年公示価格"" alternativeName=""平成3年公示価格"" />"
平成4年公示価格,L01_071,surveyedPriceOfH04,surveyedPriceOfH04,surveyed_price_of_h04,Integer,9,0,"<Field name=""surveyed_price_of_h04"" src=""L01_071"" type=""Integer"" width=""9"" precision=""0"" comment=""平成4年公示価格"" alternativeName=""平成4年公示価格"" />"
平成5年公示価格,L01_072,surveyedPriceOfH05,surveyedPriceOfH05,surveyed_price_of_h05,Integer,9,0,"<Field name=""surveyed_price_of_h05"" src=""L01_072"" type=""Integer"" width=""9"" precision=""0"" comment=""平成5年公示価格"" alternativeName=""平成5年公示価格"" />"
平成6年公示価格,L01_073,surveyedPriceOfH06,surveyedPriceOfH06,surveyed_price_of_h06,Integer,9,0,"<Field name=""surveyed_price_of_h06"" src=""L01_073"" type=""Integer"" width=""9"" precision=""0"" comment=""平成6年公示価格"" alternativeName=""平成6年公示価格"" />"
平成7年公示価格,L01_074,surveyedPriceOfH07,surveyedPriceOfH07,surveyed_price_of_h07,Integer,9,0,"<Field name=""surveyed_price_of_h07"" src=""L01_074"" type=""Integer"" width=""9"" precision=""0"" comment=""平成7年公示価格"" alternativeName=""平成7年公示価格"" />"
平成8年公示価格,L01_075,surveyedPriceOfH08,surveyedPriceOfH08,surveyed_price_of_h08,Integer,9,0,"<Field name=""surveyed_price_of_h08"" src=""L01_075"" type=""Integer"" width=""9"" precision=""0"" comment=""平成8年公示価格"" alternativeName=""平成8年公示価格"" />"
平成9年公示価格,L01_076,surveyedPriceOfH09,surveyedPriceOfH09,surveyed_price_of_h09,Integer,9,0,"<Field name=""surveyed_price_of_h09"" src=""L01_076"" type=""Integer"" width=""9"" precision=""0"" comment=""平成9年公示価格"" alternativeName=""平成9年公示価格"" />"
平成10年公示価格,L01_077,surveyedPriceOfH10,surveyedPriceOfH10,surveyed_price_of_h10,Integer,9,0,"<Field name=""surveyed_price_of_h10"" src=""L01_077"" type=""Integer"" width=""9"" precision=""0"" comment=""平成10年公示価格"" alternativeName=""平成10年公示価格"" />"
平成11年公示価格,L01_078,surveyedPriceOfH11,surveyedPriceOfH11,surveyed_price_of_h11,Integer,9,0,"<Field name=""surveyed_price_of_h11"" src=""L01_078"" type=""Integer"" width=""9"" precision=""0"" comment=""平成11年公示価格"" alternativeName=""平成11年公示価格"" />"
平成12年公示価格,L01_079,surveyedPriceOfH12,surveyedPriceOfH12,surveyed_price_of_h12,Integer,9,0,"<Field name=""surveyed_price_of_h12"" src=""L01_079"" type=""Integer"" width=""9"" precision=""0"" comment=""平成12年公示価格"" alternativeName=""平成12年公示価格"" />"
平成13年公示価格,L01_080,surveyedPriceOfH13,surveyedPriceOfH13,surveyed_price_of_h13,Integer,9,0,"<Field name=""surveyed_price_of_h13"" src=""L01_080"" type=""Integer"" width=""9"" precision=""0"" comment=""平成13年公示価格"" alternativeName=""平成13年公示価格"" />"
平成14年公示価格,L01_081,surveyedPriceOfH14,surveyedPriceOfH14,surveyed_price_of_h14,Integer,9,0,"<Field name=""surveyed_price_of_h14"" src=""L01_081"" type=""Integer"" width=""9"" precision=""0"" comment=""平成14年公示価格"" alternativeName=""平成14年公示価格"" />"
平成15年公示価格,L01_082,surveyedPriceOfH15,surveyedPriceOfH15,surveyed_price_of_h15,Integer,9,0,"<Field name=""surveyed_price_of_h15"" src=""L01_082"" type=""Integer"" width=""9"" precision=""0"" comment=""平成15年公示価格"" alternativeName=""平成15年公示価格"" />"
平成16年公示価格,L01_083,surveyedPriceOfH16,surveyedPriceOfH16,surveyed_price_of_h16,Integer,9,0,"<Field name=""surveyed_price_of_h16"" src=""L01_083"" type=""Integer"" width=""9"" precision=""0"" comment=""平成16年公示価格"" alternativeName=""平成16年公示価格"" />"
平成17年公示価格,L01_084,surveyedPriceOfH17,surveyedPriceOfH17,surveyed_price_of_h17,Integer,9,0,"<Field name=""surveyed_price_of_h17"" src=""L01_084"" type=""Integer"" width=""9"" precision=""0"" comment=""平成17年公示価格"" alternativeName=""平成17年公示価格"" />"
平成18年公示価格,L01_085,surveyedPriceOfH18,surveyedPriceOfH18,surveyed_price_of_h18,Integer,9,0,"<Field name=""surveyed_price_of_h18"" src=""L01_085"" type=""Integer"" width=""9"" precision=""0"" comment=""平成18年公示価格"" alternativeName=""平成18年公示価格"" />"
平成19年公示価格,L01_086,surveyedPriceOfH19,surveyedPriceOfH19,surveyed_price_of_h19,Integer,9,0,"<Field name=""surveyed_price_of_h19"" src=""L01_086"" type=""Integer"" width=""9"" precision=""0"" comment=""平成19年公示価格"" alternativeName=""平成19年公示価格"" />"
平成20年公示価格,L01_087,surveyedPriceOfH20,surveyedPriceOfH20,surveyed_price_of_h20,Integer,9,0,"<Field name=""surveyed_price_of_h20"" src=""L01_087"" type=""Integer"" width=""9"" precision=""0"" comment=""平成20年公示価格"" alternativeName=""平成20年公示価格"" />"
平成21年公示価格,L01_088,surveyedPriceOfH21,surveyedPriceOfH21,surveyed_price_of_h21,Integer,9,0,"<Field name=""surveyed_price_of_h21"" src=""L01_088"" type=""Integer"" width=""9"" precision=""0"" comment=""平成21年公示価格"" alternativeName=""平成21年公示価格"" />"
平成22年公示価格,L01_089,surveyedPriceOfH22,surveyedPriceOfH22,surveyed_price_of_h22,Integer,9,0,"<Field name=""surveyed_price_of_h22"" src=""L01_089"" type=""Integer"" width=""9"" precision=""0"" comment=""平成22年公示価格"" alternativeName=""平成22年公示価格"" />"
平成23年公示価格,L01_090,surveyedPriceOfH23,surveyedPriceOfH23,surveyed_price_of_h23,Integer,9,0,"<Field name=""surveyed_price_of_h23"" src=""L01_090"" type=""Integer"" width=""9"" precision=""0"" comment=""平成23年公示価格"" alternativeName=""平成23年公示価格"" />"
平成24年公示価格,L01_091,surveyedPriceOfH24,surveyedPriceOfH24,surveyed_price_of_h24,Integer,9,0,"<Field name=""surveyed_price_of_h24"" src=""L01_091"" type=""Integer"" width=""9"" precision=""0"" comment=""平成24年公示価格"" alternativeName=""平成24年公示価格"" />"
平成25年公示価格,L01_092,surveyedPriceOfH25,surveyedPriceOfH25,surveyed_price_of_h25,Integer,9,0,"<Field name=""surveyed_price_of_h25"" src=""L01_092"" type=""Integer"" width=""9"" precision=""0"" comment=""平成25年公示価格"" alternativeName=""平成25年公示価格"" />"
平成26年公示価格,L01_093,surveyedPriceOfH26,surveyedPriceOfH26,surveyed_price_of_h26,Integer,9,0,"<Field name=""surveyed_price_of_h26"" src=""L01_093"" type=""Integer"" width=""9"" precision=""0"" comment=""平成26年公示価格"" alternativeName=""平成26年公示価格"" />"
平成27年公示価格,L01_094,surveyedPriceOfH27,surveyedPriceOfH27,surveyed_price_of_h27,Integer,9,0,"<Field name=""surveyed_price_of_h27"" src=""L01_094"" type=""Integer"" width=""9"" precision=""0"" comment=""平成27年公示価格"" alternativeName=""平成27年公示価格"" />"
平成28年公示価格,L01_095,surveyedPriceOfH28,surveyedPriceOfH28,surveyed_price_of_h28,Integer,9,0,"<Field name=""surveyed_price_of_h28"" src=""L01_095"" type=""Integer"" width=""9"" precision=""0"" comment=""平成28年公示価格"" alternativeName=""平成28年公示価格"" />"
平成29年公示価格,L01_096,surveyedPriceOfH29,surveyedPriceOfH29,surveyed_price_of_h29,Integer,9,0,"<Field name=""surveyed_price_of_h29"" src=""L01_096"" type=""Integer"" width=""9"" precision=""0"" comment=""平成29年公示価格"" alternativeName=""平成29年公示価格"" />"
平成30年公示価格,L01_097,surveyedPriceOfH30,surveyedPriceOfH30,surveyed_price_of_h30,Integer,9,0,"<Field name=""surveyed_price_of_h30"" src=""L01_097"" type=""Integer"" width=""9"" precision=""0"" comment=""平成30年公示価格"" alternativeName=""平成30年公示価格"" />"
平成31年公示価格,L01_098,surveyedPriceOfR01,surveyedPriceOfR01,surveyed_price_of_r01,Integer,9,0,"<Field name=""surveyed_price_of_r01"" src=""L01_098"" type=""Integer"" width=""9"" precision=""0"" comment=""平成31年公示価格"" alternativeName=""平成31年公示価格"" />"
令和2年公示価格,L01_099,surveyedPriceOfR02,surveyedPriceOfR02,surveyed_price_of_r02,Integer,9,0,"<Field name=""surveyed_price_of_r02"" src=""L01_099"" type=""Integer"" width=""9"" precision=""0"" comment=""令和2年公示価格"" alternativeName=""令和2年公示価格"" />"
令和3年公示価格,L01_100,surveyedPriceOfR03,surveyedPriceOfR03,surveyed_price_of_r03,Integer,9,0,"<Field name=""surveyed_price_of_r03"" src=""L01_100"" type=""Integer"" width=""9"" precision=""0"" comment=""令和3年公示価格"" alternativeName=""令和3年公示価格"" />"
令和4年公示価格,L01_101,surveyedPriceOfR04,surveyedPriceOfR04,surveyed_price_of_r04,Integer,9,0,"<Field name=""surveyed_price_of_r04"" src=""L01_101"" type=""Integer"" width=""9"" precision=""0"" comment=""令和4年公示価格"" alternativeName=""令和4年公示価格"" />"
令和5年公示価格,L01_102,surveyedPriceOfR05,surveyedPriceOfR05,surveyed_price_of_r05,Integer,9,0,"<Field name=""surveyed_price_of_r05"" src=""L01_102"" type=""Integer"" width=""9"" precision=""0"" comment=""令和5年公示価格"" alternativeName=""令和5年公示価格"" />"
令和6年公示価格,L01_103,surveyedPriceOfR06,surveyedPriceOfR06,surveyed_price_of_r06,Integer,9,0,"<Field name=""surveyed_price_of_r06"" src=""L01_103"" type=""Integer"" width=""9"" precision=""0"" comment=""令和6年公示価格"" alternativeName=""令和6年公示価格"" />"
昭和59年属性移動,L01_104,attributeChangeOfS59,attributeChangeOfS59,attribute_change_of_s59,String,14,0,"<Field name=""attribute_change_of_s59"" src=""L01_104"" type=""String"" width=""14"" precision=""0"" comment=""昭和59年属性移動"" alternativeName=""昭和59年属性移動"" />"
昭和60年属性移動,L01_105,attributeChangeOfS60,attributeChangeOfS60,attribute_change_of_s60,String,14,0,"<Field name=""attribute_change_of_s60"" src=""L01_105"" type=""String"" width=""14"" precision=""0"" comment=""昭和60年属性移動"" alternativeName=""昭和60年属性移動"" />"
昭和61年属性移動,L01_106,attributeChangeOfS61,attributeChangeOfS61,attribute_change_of_s61,String,14,0,"<Field name=""attribute_change_of_s61"" src=""L01_106"" type=""String"" width=""14"" precision=""0"" comment=""昭和61年属性移動"" alternativeName=""昭和61年属性移動"" />"
昭和62年属性移動,L01_107,attributeChangeOfS62,attributeChangeOfS62,attribute_change_of_s62,String,14,0,"<Field name=""attribute_change_of_s62"" src=""L01_107"" type=""String"" width=""14"" precision=""0"" comment=""昭和62年属性移動"" alternativeName=""昭和62年属性移動"" />"
昭和63年属性移動,L01_108,attributeChangeOfS63,attributeChangeOfS63,attribute_change_of_s63,String,14,0,"<Field name=""attribute_change_of_s63"" src=""L01_108"" type=""String"" width=""14"" precision=""0"" comment=""昭和63年属性移動"" alternativeName=""昭和63年属性移動"" />"
昭和64年属性移動,L01_109,attributeChangeOfH01,attributeChangeOfH01,attribute_change_of_h01,String,14,0,"<Field name=""attribute_change_of_h01"" src=""L01_109"" type=""String"" width=""14"" precision=""0"" comment=""昭和64年属性移動"" alternativeName=""昭和64年属性移動"" />"
平成2年属性移動,L01_110,attributeChangeOfH02,attributeChangeOfH02,attribute_change_of_h02,String,14,0,"<Field name=""attribute_change_of_h02"" src=""L01_110"" type=""String"" width=""14"" precision=""0"" comment=""平成2年属性移動"" alternativeName=""平成2年属性移動"" />"
平成3年属性移動,L01_111,attributeChangeOfH03,attributeChangeOfH03,attribute_change_of_h03,String,14,0,"<Field name=""attribute_change_of_h03"" src=""L01_111"" type=""String"" width=""14"" precision=""0"" comment=""平成3年属性移動"" alternativeName=""平成3年属性移動"" />"
平成4年属性移動,L01_112,attributeChangeOfH04,attributeChangeOfH04,attribute_change_of_h04,String,14,0,"<Field name=""attribute_change_of_h04"" src=""L01_112"" type=""String"" width=""14"" precision=""0"" comment=""平成4年属性移動"" alternativeName=""平成4年属性移動"" />"
平成5年属性移動,L01_113,attributeChangeOfH05,attributeChangeOfH05,attribute_change_of_h05,String,14,0,"<Field name=""attribute_change_of_h05"" src=""L01_113"" type=""String"" width=""14"" precision=""0"" comment=""平成5年属性移動"" alternativeName=""平成5年属性移動"" />"
平成6年属性移動,L01_114,attributeChangeOfH06,attributeChangeOfH06,attribute_change_of_h06,String,14,0,"<Field name=""attribute_change_of_h06"" src=""L01_114"" type=""String"" width=""14"" precision=""0"" comment=""平成6年属性移動"" alternativeName=""平成6年属性移動"" />"
平成7年属性移動,L01_115,attributeChangeOfH07,attributeChangeOfH07,attribute_change_of_h07,String,14,0,"<Field name=""attribute_change_of_h07"" src=""L01_115"" type=""String"" width=""14"" precision=""0"" comment=""平成7年属性移動"" alternativeName=""平成7年属性移動"" />"
平成8年属性移動,L01_116,attributeChangeOfH08,attributeChangeOfH08,attribute_change_of_h08,String,14,0,"<Field name=""attribute_change_of_h08"" src=""L01_116"" type=""String"" width=""14"" precision=""0"" comment=""平成8年属性移動"" alternativeName=""平成8年属性移動"" />"
平成9年属性移動,L01_117,attributeChangeOfH09,attributeChangeOfH09,attribute_change_of_h09,String,14,0,"<Field name=""attribute_change_of_h09"" src=""L01_117"" type=""String"" width=""14"" precision=""0"" comment=""平成9年属性移動"" alternativeName=""平成9年属性移動"" />"
平成10年属性移動,L01_118,attributeChangeOfH10,attributeChangeOfH10,attribute_change_of_h10,String,14,0,"<Field name=""attribute_change_of_h10"" src=""L01_118"" type=""String"" width=""14"" precision=""0"" comment=""平成10年属性移動"" alternativeName=""平成10年属性移動"" />"
平成11年属性移動,L01_119,attributeChangeOfH11,attributeChangeOfH11,attribute_change_of_h11,String,14,0,"<Field name=""attribute_change_of_h11"" src=""L01_119"" type=""String"" width=""14"" precision=""0"" comment=""平成11年属性移動"" alternativeName=""平成11年属性移動"" />"
平成12年属性移動,L01_120,attributeChangeOfH12,attributeChangeOfH12,attribute_change_of_h12,String,14,0,"<Field name=""attribute_change_of_h12"" src=""L01_120"" type=""String"" width=""14"" precision=""0"" comment=""平成12年属性移動"" alternativeName=""平成12年属性移動"" />"
平成13年属性移動,L01_121,attributeChangeOfH13,attributeChangeOfH13,attribute_change_of_h13,String,14,0,"<Field name=""attribute_change_of_h13"" src=""L01_121"" type=""String"" width=""14"" precision=""0"" comment=""平成13年属性移動"" alternativeName=""平成13年属性移動"" />"
平成14年属性移動,L01_122,attributeChangeOfH14,attributeChangeOfH14,attribute_change_of_h14,String,14,0,"<Field name=""attribute_change_of_h14"" src=""L01_122"" type=""String"" width=""14"" precision=""0"" comment=""平成14年属性移動"" alternativeName=""平成14年属性移動"" />"
平成15年属性移動,L01_123,attributeChangeOfH15,attributeChangeOfH15,attribute_change_of_h15,String,14,0,"<Field name=""attribute_change_of_h15"" src=""L01_123"" type=""String"" width=""14"" precision=""0"" comment=""平成15年属性移動"" alternativeName=""平成15年属性移動"" />"
平成16年属性移動,L01_124,attributeChangeOfH16,attributeChangeOfH16,attribute_change_of_h16,String,14,0,"<Field name=""attribute_change_of_h16"" src=""L01_124"" type=""String"" width=""14"" precision=""0"" comment=""平成16年属性移動"" alternativeName=""平成16年属性移動"" />"
平成17年属性移動,L01_125,attributeChangeOfH17,attributeChangeOfH17,attribute_change_of_h17,String,14,0,"<Field name=""attribute_change_of_h17"" src=""L01_125"" type=""String"" width=""14"" precision=""0"" comment=""平成17年属性移動"" alternativeName=""平成17年属性移動"" />"
平成18年属性移動,L01_126,attributeChangeOfH18,attributeChangeOfH18,attribute_change_of_h18,String,14,0,"<Field name=""attribute_change_of_h18"" src=""L01_126"" type=""String"" width=""14"" precision=""0"" comment=""平成18年属性移動"" alternativeName=""平成18年属性移動"" />"
平成19年属性移動,L01_127,attributeChangeOfH19,attributeChangeOfH19,attribute_change_of_h19,String,14,0,"<Field name=""attribute_change_of_h19"" src=""L01_127"" type=""String"" width=""14"" precision=""0"" comment=""平成19年属性移動"" alternativeName=""平成19年属性移動"" />"
平成20年属性移動,L01_128,attributeChangeOfH20,attributeChangeOfH20,attribute_change_of_h20,String,14,0,"<Field name=""attribute_change_of_h20"" src=""L01_128"" type=""String"" width=""14"" precision=""0"" comment=""平成20年属性移動"" alternativeName=""平成20年属性移動"" />"
平成21年属性移動,L01_129,attributeChangeOfH21,attributeChangeOfH21,attribute_change_of_h21,String,14,0,"<Field name=""attribute_change_of_h21"" src=""L01_129"" type=""String"" width=""14"" precision=""0"" comment=""平成21年属性移動"" alternativeName=""平成21年属性移動"" />"
平成22年属性移動,L01_130,attributeChangeOfH22,attributeChangeOfH22,attribute_change_of_h22,String,14,0,"<Field name=""attribute_change_of_h22"" src=""L01_130"" type=""String"" width=""14"" precision=""0"" comment=""平成22年属性移動"" alternativeName=""平成22年属性移動"" />"
平成23年属性移動,L01_131,attributeChangeOfH23,attributeChangeOfH23,attribute_change_of_h23,String,14,0,"<Field name=""attribute_change_of_h23"" src=""L01_131"" type=""String"" width=""14"" precision=""0"" comment=""平成23年属性移動"" alternativeName=""平成23年属性移動"" />"
平成24年属性移動,L01_132,attributeChangeOfH24,attributeChangeOfH24,attribute_change_of_h24,String,14,0,"<Field name=""attribute_change_of_h24"" src=""L01_132"" type=""String"" width=""14"" precision=""0"" comment=""平成24年属性移動"" alternativeName=""平成24年属性移動"" />"
平成25年属性移動,L01_133,attributeChangeOfH25,attributeChangeOfH25,attribute_change_of_h25,String,14,0,"<Field name=""attribute_change_of_h25"" src=""L01_133"" type=""String"" width=""14"" precision=""0"" comment=""平成25年属性移動"" alternativeName=""平成25年属性移動"" />"
平成26年属性移動,L01_134,attributeChangeOfH26,attributeChangeOfH26,attribute_change_of_h26,String,14,0,"<Field name=""attribute_change_of_h26"" src=""L01_134"" type=""String"" width=""14"" precision=""0"" comment=""平成26年属性移動"" alternativeName=""平成26年属性移動"" />"
平成27年属性移動,L01_135,attributeChangeOfH27,attributeChangeOfH27,attribute_change_of_h27,String,14,0,"<Field name=""attribute_change_of_h27"" src=""L01_135"" type=""String"" width=""14"" precision=""0"" comment=""平成27年属性移動"" alternativeName=""平成27年属性移動"" />"
平成28年属性移動,L01_136,attributeChangeOfH28,attributeChangeOfH28,attribute_change_of_h28,String,14,0,"<Field name=""attribute_change_of_h28"" src=""L01_136"" type=""String"" width=""14"" precision=""0"" comment=""平成28年属性移動"" alternativeName=""平成28年属性移動"" />"
平成29年属性移動,L01_137,attributeChangeOfH29,attributeChangeOfH29,attribute_change_of_h29,String,14,0,"<Field name=""attribute_change_of_h29"" src=""L01_137"" type=""String"" width=""14"" precision=""0"" comment=""平成29年属性移動"" alternativeName=""平成29年属性移動"" />"
平成30年属性移動,L01_138,attributeChangeOfH30,attributeChangeOfH30,attribute_change_of_h30,String,14,0,"<Field name=""attribute_change_of_h30"" src=""L01_138"" type=""String"" width=""14"" precision=""0"" comment=""平成30年属性移動"" alternativeName=""平成30年属性移動"" />"
平成31年属性移動,L01_139,attributeChangeOfR01,attributeChangeOfR01,attribute_change_of_r01,String,14,0,"<Field name=""attribute_change_of_r01"" src=""L01_139"" type=""String"" width=""14"" precision=""0"" comment=""平成31年属性移動"" alternativeName=""平成31年属性移動"" />"
令和2年属性移動,L01_140,attributeChangeOfR02,attributeChangeOfR02,attribute_change_of_r02,String,14,0,"<Field name=""attribute_change_of_r02"" src=""L01_140"" type=""String"" width=""14"" precision=""0"" comment=""令和2年属性移動"" alternativeName=""令和2年属性移動"" />"
令和3年属性移動,L01_141,attributeChangeOfR03,attributeChangeOfR03,attribute_change_of_r03,String,14,0,"<Field name=""attribute_change_of_r03"" src=""L01_141"" type=""String"" width=""14"" precision=""0"" comment=""令和3年属性移動"" alternativeName=""令和3年属性移動"" />"
令和4年属性移動,L01_142,attributeChangeOfR04,attributeChangeOfR04,attribute_change_of_r04,String,14,0,"<Field name=""attribute_change_of_r04"" src=""L01_142"" type=""String"" width=""14"" precision=""0"" comment=""令和4年属性移動"" alternativeName=""令和4年属性移動"" />"
令和5年属性移動,L01_143,attributeChangeOfR05,attributeChangeOfR05,attribute_change_of_r05,String,14,0,"<Field name=""attribute_change_of_r05"" src=""L01_143"" type=""String"" width=""14"" precision=""0"" comment=""令和5年属性移動"" alternativeName=""令和5年属性移動"" />"
令和6年属性移動,L01_144,attributeChangeOfR06,attributeChangeOfR06,attribute_change_of_r06,String,14,0,"<Field name=""attribute_change_of_r06"" src=""L01_144"" type=""String"" width=""14"" precision=""0"" comment=""令和6年属性移動"" alternativeName=""令和6年属性移動"" />"